{"cameraMode":{"drawMode":0,"name":"Shaded","section":"Shading Mode"},"sceneLighting":false,"audioPlay":false,"sceneViewState":{"showFog":true,"showMaterialUpdate":false,"showSkybox":true,"showFlares":true,"showImageEffects":true,"showParticleSystems":true},"in2DMode":false,"pivot":{"x":0.11020338535308838,"y":1.0086870193481446,"z":14.363704681396485},"rotation":{"x":-0.0787392258644104,"y":-0.8315216898918152,"z":0.12211425602436066,"w":-0.5361528992652893},"size":4.399260997772217,"orthographic":false}